label,Frequency,Cost (bps),Sharpe Ratio,Max Drawdown,Annualized Return,Annualized Volatility,Calmar Ratio,Avg Monthly Turnover
monthly / 0 bps,monthly,0,0.6678658404941155,-0.1935782500647338,0.1002072026002061,0.1255608568881553,0.5176573430470426,0.7602739726027398
monthly / 10 bps,monthly,10,0.6317932357731599,-0.20089288141353684,0.0952227121244833,0.12547505119382518,0.47399744308743275,0.7602739726027398
monthly / 15 bps,monthly,15,0.6137317693314964,-0.2045267593616261,0.09273805933273804,0.12543350880840454,0.45342751052328967,0.7602739726027398
biweekly / 0 bps,biweekly,0,0.45095781068854596,-0.3514063514306517,0.07556727485622727,0.13950982596430306,0.21504242751611194,0.5689905591866375
biweekly / 10 bps,biweekly,10,0.3995460221449366,-0.36383666982698354,0.06789762031318358,0.13950758826546966,0.18661566011328976,0.5689905591866375
biweekly / 15 bps,biweekly,15,0.37383261015516867,-0.36996442407247954,0.06408213365334547,0.1395090440636105,0.17321161031632376,0.5689905591866375
