label,Frequency,Cost (bps),Sharpe Ratio,Max Drawdown,Annualized Return,Annualized Volatility,Calmar Ratio,Avg Monthly Turnover
monthly / 0 bps,monthly,0,0.7432631648472816,-0.18267711847705584,0.10968853428930281,0.12429844420872589,0.6004503202358079,0.7446666666666667
monthly / 5 bps,monthly,5,0.7076893270858428,-0.18668880225578982,0.10477274455325736,0.12420781956432018,0.5612160091407304,0.7446666666666667
monthly / 10 bps,monthly,10,0.6720401196983531,-0.1906834584694922,0.099876354596375,0.12412152045597671,0.523780905790286,0.7446666666666667
biweekly / 0 bps,biweekly,0,0.526651422242199,-0.29831438363577895,0.08621398636132116,0.13784434633884904,0.2890037862424442,0.5750636132315522
biweekly / 5 bps,biweekly,5,0.4742627275451532,-0.3128092529342017,0.07839962404831757,0.13779130251242888,0.2506307703909534,0.5750636132315522
biweekly / 10 bps,biweekly,10,0.42181239372431123,-0.3270122023779889,0.07063824805169228,0.1377452102881106,0.21601104649312902,0.5750636132315522
