label,Frequency,Cost (bps),Sharpe Ratio,Max Drawdown,Annualized Return,Annualized Volatility,Calmar Ratio,Avg Monthly Turnover
monthly / 0 bps,monthly,0,0.7432631648472816,-0.18267711847705584,0.10968853428930281,0.12429844420872589,0.6004503202358079,0.7446666666666667
monthly / 5 bps,monthly,5,0.7076893270858428,-0.18668880225578982,0.10477274455325736,0.12420781956432018,0.5612160091407304,0.7446666666666667
monthly / 10 bps,monthly,10,0.6720401196983531,-0.1906834584694922,0.099876354596375,0.12412152045597671,0.523780905790286,0.7446666666666667
biweekly / 0 bps,biweekly,0,0.532649398425941,-0.29831438363577895,0.08707104997570281,0.13775479163191215,0.2918768076634564,0.5746031746031747
biweekly / 5 bps,biweekly,5,0.48027192900863064,-0.3128092529342017,0.07925741765545613,0.13770250994107452,0.2533729962013868,0.5746031746031747
biweekly / 10 bps,biweekly,10,0.4278330770070359,-0.3270122023779889,0.07149671924470646,0.13765717619692733,0.2186362426991773,0.5746031746031747
