Top N,Sharpe Ratio,Max Drawdown,Annualized Return,Annualized Volatility,Calmar Ratio,Total Return,Best Year,Worst Year,% Positive Months
4,0.6735153843886804,-0.19977993192166346,0.10476963540249584,0.13199388143868113,0.5244252232680583,6.904889151869873,0.35511146383653425,-0.1743409601915673,0.616
5,0.6874132198802764,-0.19327006489999116,0.1040370911558548,0.12749219503021747,0.5382990439294852,6.7968357727486675,0.40264635006776706,-0.16437740697680525,0.608
6,0.7076893270858428,-0.18668880225578982,0.10477274455325736,0.12420781956432018,0.5612160091407304,6.905350787784183,0.3706237638225862,-0.14043360512341085,0.628
7,0.6730832541063002,-0.18004239808086545,0.09874142038602196,0.12197894842128533,0.5484342656981973,6.056487197284338,0.3691424119865927,-0.12966829665643298,0.632
